22290125.mp3,male
19593753.mp3,male
25404482.mp3,male
18896608.mp3,male
18937014.mp3,male
26048426.mp3,male
24967544.mp3,male
19578915.mp3,male
21391428.mp3,male
21570694.mp3,male
21616520.mp3,male
20243502.mp3,male
19482852.mp3,male
20200769.mp3,male
19156726.mp3,male
19360492.mp3,male
19103956.mp3,male
22797202.mp3,male
18868252.mp3,male
19837991.mp3,male
18858413.mp3,male
22161849.mp3,male
18864498.mp3,male
23690441.mp3,male
23738496.mp3,male
23990561.mp3,male
19575157.mp3,male
19112180.mp3,male
20636465.mp3,male
21887474.mp3,male
19540907.mp3,male
24967566.mp3,male
18864327.mp3,male
18882197.mp3,male
25843283.mp3,male
20149343.mp3,male
19111637.mp3,male
19574546.mp3,male
18951724.mp3,male
18955274.mp3,male
20984616.mp3,male
19545264.mp3,male
23738460.mp3,male
22160827.mp3,male
20207269.mp3,male
25695273.mp3,male
19575170.mp3,male
26085184.mp3,male
18864403.mp3,male
19183751.mp3,male
21950280.mp3,male
19827463.mp3,male
26463478.mp3,male
25500977.mp3,male
19616481.mp3,male
23407187.mp3,male
19797703.mp3,male
22161216.mp3,male
18849342.mp3,male
26431531.mp3,male
19772819.mp3,male
19341476.mp3,male
26139443.mp3,male
19826678.mp3,male
18849159.mp3,male
21781608.mp3,male
26119296.mp3,male
21932134.mp3,male
18943686.mp3,male
19575200.mp3,male
26109338.mp3,male
19869350.mp3,male
22935065.mp3,male
18961257.mp3,male
20467513.mp3,male
20441747.mp3,male
19574916.mp3,male
21615890.mp3,male
19306614.mp3,male
25919435.mp3,male
24967521.mp3,male
19101131.mp3,male
22160824.mp3,male
18989802.mp3,male
20546138.mp3,male
19100906.mp3,male
19869375.mp3,male
23087715.mp3,male
19574923.mp3,male
18881343.mp3,male
19420932.mp3,male
26434094.mp3,male
19575987.mp3,male
18853997.mp3,male
25970001.mp3,male
19574637.mp3,male
24786955.mp3,male
20390091.mp3,male
24416695.mp3,male
20957570.mp3,male
21643773.mp3,male
19545264.mp3,male
23146476.mp3,male
22797075.mp3,male
19838084.mp3,male
19145782.mp3,male
18937013.mp3,male
18858290.mp3,male
18943626.mp3,male
20957570.mp3,male
20247091.mp3,male
25691550.mp3,male
19791821.mp3,male
24290686.mp3,male
18879172.mp3,male
25679093.mp3,male
25919483.mp3,male
20249901.mp3,male
19797383.mp3,male
19772601.mp3,male
21932136.mp3,male
19854566.mp3,male
26489852.mp3,male
20452544.mp3,male
18986903.mp3,male
21545767.mp3,male
19581119.mp3,male
19120950.mp3,male
18881257.mp3,male
23407209.mp3,male
24396322.mp3,male
19471756.mp3,male
25678604.mp3,male
18868150.mp3,male
18864339.mp3,male
21546914.mp3,male
19869376.mp3,male
26083559.mp3,male
26245919.mp3,male
18955051.mp3,male
20957552.mp3,male
18858369.mp3,male
20976829.mp3,male
19579473.mp3,male
21297631.mp3,male
23879740.mp3,male
18864315.mp3,male
20506137.mp3,male
19578269.mp3,male
18966350.mp3,male
25250390.mp3,male
25693776.mp3,male
19116699.mp3,male
20452547.mp3,male
19563955.mp3,male
20390038.mp3,male
22604916.mp3,male
24362553.mp3,male
18902186.mp3,male
21907453.mp3,male
19544867.mp3,male
26085027.mp3,male
19253933.mp3,male
25916043.mp3,male
20451777.mp3,male
18853825.mp3,male
19024415.mp3,male
20026720.mp3,male
18899126.mp3,male
25679976.mp3,male
19028770.mp3,male
18954996.mp3,male
23166623.mp3,male
26434186.mp3,male
21899530.mp3,male
19565612.mp3,male
18989781.mp3,male
26138406.mp3,male
19563872.mp3,male
20957580.mp3,male
21919344.mp3,male
19644007.mp3,male
19341507.mp3,male
20480522.mp3,male
18868391.mp3,male
21662636.mp3,male
18955450.mp3,male
18978670.mp3,male
21901497.mp3,male
23690433.mp3,male
19336712.mp3,male
20026748.mp3,male
21251797.mp3,male
21781497.mp3,male
21616690.mp3,male
19545367.mp3,male
24357296.mp3,male
21590117.mp3,male
24396323.mp3,male
19575211.mp3,male
19021059.mp3,male
23967315.mp3,male
23738545.mp3,male
19156814.mp3,male
18853844.mp3,male
18950601.mp3,male
19564141.mp3,male
19574597.mp3,male
18951567.mp3,male
26118920.mp3,male
19581224.mp3,male
19574215.mp3,male
25620723.mp3,male
19306661.mp3,male
19372688.mp3,male
26083562.mp3,male
18980485.mp3,male
24396461.mp3,male
21569475.mp3,male
20059815.mp3,male
19792226.mp3,male
18868249.mp3,male
19089181.mp3,male
18875260.mp3,male
18989929.mp3,male
18864460.mp3,male
18987329.mp3,male
20434551.mp3,male
23115607.mp3,male
18875711.mp3,male
19764940.mp3,male
23167542.mp3,male
18950733.mp3,male
19334820.mp3,male
18879120.mp3,male
18924263.mp3,male
19100539.mp3,male
21949989.mp3,male
18868166.mp3,male
20705456.mp3,male
18864325.mp3,male
18989792.mp3,male
19478224.mp3,male
21562080.mp3,male
26119667.mp3,male
20025845.mp3,male
18981550.mp3,male
19764892.mp3,male
22161039.mp3,male
18882219.mp3,male
20984590.mp3,male
22173570.mp3,male
26449809.mp3,male
24967191.mp3,male
21641699.mp3,male
19348204.mp3,male
19575362.mp3,male
19575940.mp3,male
20025758.mp3,male
22371427.mp3,male
21306310.mp3,male
19464239.mp3,male
19100462.mp3,male
20705362.mp3,male
25919173.mp3,male
24543936.mp3,male
20389852.mp3,male
19854550.mp3,male
26109472.mp3,male
19544874.mp3,male
18885553.mp3,male
19122013.mp3,male
20827601.mp3,male
18902183.mp3,male
19100909.mp3,male
19112250.mp3,male
25822215.mp3,male
19027369.mp3,male
19094166.mp3,male
18873592.mp3,male
24785080.mp3,male
24165643.mp3,male
21522697.mp3,male
24417029.mp3,male
21554400.mp3,male
19739507.mp3,male
19575241.mp3,male
22526268.mp3,male
25680418.mp3,male
24624036.mp3,male
26084696.mp3,male
25969919.mp3,male
22294260.mp3,male
18894135.mp3,male
19852451.mp3,male
24396381.mp3,male
19142465.mp3,male
18898656.mp3,male
18875208.mp3,male
21613800.mp3,male
22442806.mp3,male
21590342.mp3,male
20968488.mp3,male
19156424.mp3,male
18927396.mp3,male
21932148.mp3,male
26405727.mp3,male
18873604.mp3,male
21297629.mp3,male
19565510.mp3,male
25926210.mp3,male
22492083.mp3,male
19593763.mp3,male
18858258.mp3,male
26245918.mp3,male
26109468.mp3,male
18864502.mp3,male
18858413.mp3,male
22453534.mp3,male
20984589.mp3,male
22370799.mp3,male
19341476.mp3,male
20059816.mp3,male
20451721.mp3,male
19404866.mp3,male
18942662.mp3,male
18993065.mp3,male
21867729.mp3,male
19536094.mp3,male
21925215.mp3,male
18878117.mp3,male
21641631.mp3,male
24785080.mp3,male
19100506.mp3,male
26118977.mp3,male
19575129.mp3,male
21919195.mp3,male
26401910.mp3,male
18882198.mp3,male
20900516.mp3,male
19838115.mp3,male
21551998.mp3,male
23690503.mp3,male
18885563.mp3,male
20900474.mp3,male
19563702.mp3,male
20957551.mp3,male
25918881.mp3,male
18849574.mp3,male
18854164.mp3,male
26085026.mp3,male
19111582.mp3,male
19797663.mp3,male
20452530.mp3,male
22722029.mp3,male
19007065.mp3,male
22429676.mp3,male
25478932.mp3,male
18858298.mp3,male
18955451.mp3,male
26119696.mp3,male
25843287.mp3,male
19471739.mp3,male
19005557.mp3,male
19091871.mp3,male
26465176.mp3,male
21781521.mp3,male
19471756.mp3,male
21935403.mp3,male
20506085.mp3,male
19306758.mp3,male
25236722.mp3,male
18931665.mp3,male
21781607.mp3,male
18885655.mp3,male
20957577.mp3,male
22413453.mp3,male
19563872.mp3,male
19575342.mp3,male
18991172.mp3,male
19576023.mp3,male
26118682.mp3,male
18942637.mp3,male
22460882.mp3,male
18873790.mp3,male
20467514.mp3,male
21949879.mp3,male
20142521.mp3,male
22161097.mp3,male
18951893.mp3,male
27076263.mp3,male
22483476.mp3,male
20365037.mp3,male
26048382.mp3,male
19950709.mp3,male
19578964.mp3,male
26084830.mp3,male
25248804.mp3,male
19843117.mp3,male
19334858.mp3,male
23146532.mp3,male
21554930.mp3,male
18875249.mp3,male
19854627.mp3,male
19574550.mp3,male
20393226.mp3,male
18868147.mp3,male
19854564.mp3,male
25843404.mp3,male
18896836.mp3,male
18858679.mp3,male
20025974.mp3,male
19797313.mp3,male
23738542.mp3,male
21905382.mp3,male
19157601.mp3,male
22797256.mp3,male
19841105.mp3,male
22379714.mp3,male
19575276.mp3,male
19574852.mp3,male
25694003.mp3,male
20451793.mp3,male
21554877.mp3,male
22290145.mp3,male
18864379.mp3,male
19644201.mp3,male
19157481.mp3,male
20389954.mp3,male
26084696.mp3,male
19100906.mp3,male
22492050.mp3,male
25909478.mp3,male
21616137.mp3,male
19854559.mp3,male
19574745.mp3,male
19574382.mp3,male
20480576.mp3,male
26401191.mp3,male
18980292.mp3,male
22160877.mp3,male
18853855.mp3,male
25919161.mp3,male
18881315.mp3,male
19100610.mp3,male
22444994.mp3,male
19122077.mp3,male
21919365.mp3,male
22797134.mp3,male
18976758.mp3,male
18921969.mp3,male
22407785.mp3,male
19575354.mp3,male
25938586.mp3,male
19843029.mp3,male
19797720.mp3,male
19420641.mp3,male
19100738.mp3,male
19574466.mp3,male
21586726.mp3,male
19793780.mp3,male
26048516.mp3,male
18881330.mp3,male
20414732.mp3,male
21297564.mp3,male
23690435.mp3,male
18875367.mp3,male
23146449.mp3,male
18878155.mp3,male
19792289.mp3,male
22378241.mp3,male
21570340.mp3,male
18885562.mp3,male
18950739.mp3,male
24966874.mp3,male
19122077.mp3,male
20415056.mp3,male
22116969.mp3,male
18873701.mp3,male
19593725.mp3,male
21587257.mp3,male
19574825.mp3,male
23407166.mp3,male
20900423.mp3,male
24297925.mp3,male
19574897.mp3,male
20487571.mp3,male
20970037.mp3,male
18897344.mp3,male
24396331.mp3,male
19091479.mp3,male
19007082.mp3,male
20234608.mp3,male
20223314.mp3,male
19826729.mp3,male
21932378.mp3,male
19843125.mp3,male
19581185.mp3,male
22911367.mp3,male
24696400.mp3,male
19797593.mp3,male
19826638.mp3,male
18989958.mp3,male
26085245.mp3,male
21570483.mp3,male
23905892.mp3,male
21571109.mp3,male
18853848.mp3,male
22306608.mp3,male
26405756.mp3,male
19951098.mp3,male
18873835.mp3,male
21420044.mp3,male
19951139.mp3,male
18873844.mp3,male
21757163.mp3,male
20025838.mp3,male
23879840.mp3,male
21641754.mp3,male
19578915.mp3,male
23690499.mp3,male
18928125.mp3,male
18989802.mp3,male
20190032.mp3,male
20025994.mp3,male
19826849.mp3,male
19854611.mp3,male
21928465.mp3,male
26118678.mp3,male
18875412.mp3,male
19101204.mp3,male
19112412.mp3,male
18868913.mp3,male
22267704.mp3,male
19367451.mp3,male
18858416.mp3,male
22459393.mp3,male
25926173.mp3,male
19643724.mp3,male
19575979.mp3,male
23101837.mp3,male
21275463.mp3,male
20190377.mp3,male
20957289.mp3,male
19111710.mp3,male
19122050.mp3,male
22370331.mp3,male
20778679.mp3,male
19100465.mp3,male
19575377.mp3,male
22294226.mp3,male
18980527.mp3,male
18864375.mp3,male
19103965.mp3,male
19616822.mp3,male
20900528.mp3,male
25926223.mp3,male
20190321.mp3,male
21809350.mp3,male
24238366.mp3,male
22381308.mp3,male
19576377.mp3,male
21781592.mp3,male
18882269.mp3,male
18853804.mp3,male
19112208.mp3,male
22935115.mp3,male
19575995.mp3,male
25692087.mp3,male
20826407.mp3,male
19157626.mp3,male
20026743.mp3,male
23728565.mp3,male
19574618.mp3,male
19578300.mp3,male
23990540.mp3,male
18991085.mp3,male
21353788.mp3,male
19791871.mp3,male
19100994.mp3,male
18980310.mp3,male
22797151.mp3,male
25692424.mp3,male
25629641.mp3,male
18873610.mp3,male
23115661.mp3,male
18858353.mp3,male
19341451.mp3,male
18980589.mp3,male
18989785.mp3,male
19792291.mp3,male
19644156.mp3,male
18927404.mp3,male
19843108.mp3,male
23115643.mp3,male
20451706.mp3,male
19111682.mp3,male
24784735.mp3,male
19537270.mp3,male
25926190.mp3,male
18873685.mp3,male
26400694.mp3,male
18955021.mp3,male
19576393.mp3,male
19644207.mp3,male
22309705.mp3,male
23102780.mp3,male
19420722.mp3,male
18861326.mp3,male
18955057.mp3,male
18881304.mp3,male
21698570.mp3,male
25755724.mp3,male
26402329.mp3,male
21919172.mp3,male
19593779.mp3,male
19116558.mp3,male
25404551.mp3,male
21545727.mp3,male
21570642.mp3,male
21353794.mp3,male
19616442.mp3,male
19574197.mp3,male
21641697.mp3,male
19100755.mp3,male
22948108.mp3,male
19112331.mp3,male
22159760.mp3,male
26109366.mp3,male
25694159.mp3,male
20506098.mp3,male
20361846.mp3,male
19792288.mp3,male
26138423.mp3,male
18913959.mp3,male
22461054.mp3,male
23879817.mp3,male
18858423.mp3,male
19827263.mp3,male
19360494.mp3,male
19574553.mp3,male
21554697.mp3,male
22935056.mp3,male
24361342.mp3,male
20253134.mp3,male
21953769.mp3,male
19100510.mp3,male
19348128.mp3,male
19575969.mp3,male
26209436.mp3,male
18858510.mp3,male
18873778.mp3,male
26138359.mp3,male
18966918.mp3,male
22721970.mp3,male
21932359.mp3,male
26449809.mp3,male
18943684.mp3,male
19578225.mp3,male
26433872.mp3,male
20106282.mp3,male
21737036.mp3,male
19847728.mp3,male
19133293.mp3,male
24932004.mp3,male
19133711.mp3,male
18987327.mp3,male
18966326.mp3,male
18946821.mp3,male
19112408.mp3,male
19027370.mp3,male
22797151.mp3,male
19404743.mp3,male
24416665.mp3,male
20838789.mp3,male
21898747.mp3,male
22407341.mp3,male
25547640.mp3,male
25694980.mp3,male
18881284.mp3,male
20474960.mp3,male
21477901.mp3,male
24967996.mp3,male
25680314.mp3,male
20467492.mp3,male
19574553.mp3,male
19575324.mp3,male
22290136.mp3,male
19565612.mp3,male
20451784.mp3,male
26430750.mp3,male
20346462.mp3,male
19317978.mp3,male
19643883.mp3,male
22116303.mp3,male
22444981.mp3,male
21662709.mp3,male
26102648.mp3,male
20190487.mp3,male
20365320.mp3,male
25083382.mp3,male
19027179.mp3,male
19827134.mp3,male
18966343.mp3,male
19111650.mp3,male
22604916.mp3,male
19111666.mp3,male
22797251.mp3,male
24629389.mp3,male
26432705.mp3,male
19112258.mp3,male
24932037.mp3,male
21547102.mp3,male
26284359.mp3,male
18868153.mp3,male
18853518.mp3,male
18875885.mp3,male
20410170.mp3,male
20106271.mp3,male
24235414.mp3,male
25843295.mp3,male
26108716.mp3,male
19581103.mp3,male
21543959.mp3,male
19616555.mp3,male
18875388.mp3,male
23423447.mp3,male
20190298.mp3,male
19100682.mp3,male
19843120.mp3,male
21618127.mp3,male
18896652.mp3,male
21554300.mp3,male
19316009.mp3,male
19643776.mp3,male
21547056.mp3,male
26284415.mp3,male
21901100.mp3,male
18875839.mp3,male
21950067.mp3,male
21589858.mp3,male
25478732.mp3,male
19576104.mp3,male
18881306.mp3,male
21553109.mp3,male
18862843.mp3,male
26465367.mp3,male
23393625.mp3,male
25751554.mp3,male
23407405.mp3,male
21561682.mp3,male
19643724.mp3,male
18981550.mp3,male
25782221.mp3,male
21802265.mp3,male
24289448.mp3,male
18858621.mp3,male
19829316.mp3,male
19348390.mp3,male
18885605.mp3,male
21932401.mp3,male
18897238.mp3,male
20758315.mp3,male
24249624.mp3,male
22417953.mp3,male
19142498.mp3,male
18853997.mp3,male
20072064.mp3,male
26118519.mp3,male
19112189.mp3,male
18950678.mp3,male
20252971.mp3,male
27076285.mp3,male
18931811.mp3,male
25916231.mp3,male
21570703.mp3,male
19826633.mp3,male
20900428.mp3,male
22722026.mp3,male
24249626.mp3,male
18960292.mp3,male
22797209.mp3,male
26139572.mp3,male
24931766.mp3,male
21468011.mp3,male
20104609.mp3,male
18898855.mp3,male
26048414.mp3,male
25918975.mp3,male
21802268.mp3,male
20190471.mp3,male
20957319.mp3,male
25227618.mp3,male
19578964.mp3,male
19791945.mp3,male
20705363.mp3,male
24967252.mp3,male
24396390.mp3,male
24250557.mp3,male
19797688.mp3,male
18885546.mp3,male
19420929.mp3,male
20059816.mp3,male
18927408.mp3,male
19574893.mp3,male
19952379.mp3,male
18875562.mp3,male
18881285.mp3,male
18873763.mp3,male
23407196.mp3,male
21907451.mp3,male
18864383.mp3,male
21571199.mp3,male
18980618.mp3,male
19837823.mp3,male
26434096.mp3,male
19145771.mp3,male
19593668.mp3,male
21353852.mp3,male
23879747.mp3,male
21932241.mp3,male
23905902.mp3,male
18989788.mp3,male
19826610.mp3,male
22370382.mp3,male
22351610.mp3,male
18898658.mp3,male
20487498.mp3,male
25691571.mp3,male
19854565.mp3,male
21586254.mp3,male
21632482.mp3,male
19254036.mp3,male
20223448.mp3,male
20827777.mp3,male
20528383.mp3,male
21919429.mp3,male
20976758.mp3,male
26511108.mp3,male
20832232.mp3,male
21346636.mp3,male
19573922.mp3,male
19536473.mp3,male
25918748.mp3,male
18881274.mp3,male
18902195.mp3,male
20534952.mp3,male
22407338.mp3,male
23102352.mp3,male
18868500.mp3,male
18991200.mp3,male
19643750.mp3,male
18875711.mp3,male
18885617.mp3,male
20363461.mp3,male
19843131.mp3,male
19562931.mp3,male
22483635.mp3,male
21783053.mp3,male
19573870.mp3,male
18942637.mp3,male
20414953.mp3,male
25405731.mp3,male
18862883.mp3,male
21932411.mp3,male
18898883.mp3,male
18879305.mp3,male
18858576.mp3,male
21570705.mp3,male
19142448.mp3,male
18951894.mp3,male
24967935.mp3,male
20474997.mp3,male
23407152.mp3,male
19838087.mp3,male
18989484.mp3,male
19574700.mp3,male
23738546.mp3,male
21727975.mp3,male
18950723.mp3,male
19089183.mp3,male
18868156.mp3,male
18879122.mp3,male
19111631.mp3,male
19348361.mp3,male
19420739.mp3,male
20487653.mp3,male
19827526.mp3,male
18898912.mp3,male
19027369.mp3,male
22460851.mp3,male
18863954.mp3,male
26085250.mp3,male
24543956.mp3,male
22403931.mp3,male
18964653.mp3,male
21932148.mp3,male
21622900.mp3,male
19348390.mp3,male
21524965.mp3,male
18951665.mp3,male
21554910.mp3,male
18882145.mp3,male
18879349.mp3,male
25852922.mp3,male
21554250.mp3,male
18981639.mp3,male
20190458.mp3,male
20390094.mp3,male
18868258.mp3,male
19537193.mp3,male
19111680.mp3,male
18868259.mp3,male
18881284.mp3,male
18955453.mp3,male
23879814.mp3,male
18875206.mp3,male
21781361.mp3,male
21346799.mp3,male
18924261.mp3,male
20190273.mp3,male
19952043.mp3,male
20361848.mp3,male
26119520.mp3,male
19100882.mp3,male
20984620.mp3,male
21420063.mp3,male
19792291.mp3,male
23407059.mp3,male
20451687.mp3,male
21919343.mp3,male
23146389.mp3,male
20247091.mp3,male
19116663.mp3,male
19575910.mp3,male
18894156.mp3,male
25918723.mp3,male
25646258.mp3,male
24624314.mp3,male
21727977.mp3,male
18980530.mp3,male
19464249.mp3,male
18879148.mp3,male
21684614.mp3,male
21554732.mp3,male
19951932.mp3,male
23690582.mp3,male
24827058.mp3,male
19797542.mp3,male
18980417.mp3,male
18894139.mp3,male
19133305.mp3,male
20474982.mp3,male
19010790.mp3,male
19574699.mp3,male
22935114.mp3,male
18853848.mp3,male
20077889.mp3,male
18873652.mp3,male
20243502.mp3,male
19574623.mp3,male
18868464.mp3,male
19545053.mp3,male
18978843.mp3,male
25514070.mp3,male
20177329.mp3,male
25594012.mp3,male
18943852.mp3,male
18989795.mp3,male
19575995.mp3,male
21907784.mp3,male
21847398.mp3,male
19578929.mp3,male
21949827.mp3,male
20474976.mp3,male
25405042.mp3,male
20263073.mp3,male
26109238.mp3,male
21919446.mp3,male
18885638.mp3,male
26430856.mp3,male
19840948.mp3,male
23167579.mp3,male
19563789.mp3,male
19575324.mp3,male
18950735.mp3,male
25692098.mp3,male
20026016.mp3,male
19156682.mp3,male
18899011.mp3,male
21905380.mp3,male
18878125.mp3,male
19575972.mp3,male
20984620.mp3,male
18950653.mp3,male
23102352.mp3,male
21297647.mp3,male
19578906.mp3,male
19116615.mp3,male
21613648.mp3,male
18932049.mp3,female
26198306.mp3,female
21470051.mp3,female
20450385.mp3,female
26085091.mp3,female
19493029.mp3,female
22230468.mp3,female
18912776.mp3,female
23440880.mp3,female
18912741.mp3,female
18930974.mp3,female
18910951.mp3,female
18911287.mp3,female
19493079.mp3,female
18912090.mp3,female
20472268.mp3,female
18912397.mp3,female
18921341.mp3,female
18914676.mp3,female
18918573.mp3,female
18892808.mp3,female
18914940.mp3,female
18921422.mp3,female
18928339.mp3,female
20256587.mp3,female
20256611.mp3,female
18931947.mp3,female
22364296.mp3,female
18912469.mp3,female
18932731.mp3,female
18932339.mp3,female
26096631.mp3,female
18892800.mp3,female
23009694.mp3,female
23395131.mp3,female
18921421.mp3,female
21773208.mp3,female
19493130.mp3,female
18914328.mp3,female
23009389.mp3,female
20257006.mp3,female
20472242.mp3,female
18912806.mp3,female
18922908.mp3,female
24102815.mp3,female
18892801.mp3,female
26086770.mp3,female
18919652.mp3,female
20454659.mp3,female
22268033.mp3,female
22686053.mp3,female
20387167.mp3,female
18911186.mp3,female
18911271.mp3,female
20389777.mp3,female
26086722.mp3,female
18919293.mp3,female
21880791.mp3,female
26198266.mp3,female
19535306.mp3,female
18923069.mp3,female
18921771.mp3,female
18914295.mp3,female
19535343.mp3,female
18928966.mp3,female
18921590.mp3,female
18914334.mp3,female
18922631.mp3,female
18932733.mp3,female
24455003.mp3,female
18921826.mp3,female
19493058.mp3,female
18914213.mp3,female
18930974.mp3,female
18921458.mp3,female
23395128.mp3,female
19493061.mp3,female
23395093.mp3,female
18911652.mp3,female
18914379.mp3,female
18921563.mp3,female
18914187.mp3,female
18912409.mp3,female
18912091.mp3,female
18927516.mp3,female
19493082.mp3,female
26084979.mp3,female
18912412.mp3,female
21786158.mp3,female
26169444.mp3,female
18931473.mp3,female
21935369.mp3,female
19493123.mp3,female
18920703.mp3,female
18913429.mp3,female
18912046.mp3,female
24455253.mp3,female
21572593.mp3,female
18930801.mp3,female
26095884.mp3,female
24455392.mp3,female
18932683.mp3,female
20472312.mp3,female
18928007.mp3,female
20458195.mp3,female
21905102.mp3,female
24102918.mp3,female
18912358.mp3,female
20449766.mp3,female
18932733.mp3,female
18892817.mp3,female
18892674.mp3,female
18932749.mp3,female
18932647.mp3,female
18922709.mp3,female
26096850.mp3,female
18913155.mp3,female
18914833.mp3,female
18914088.mp3,female
18892807.mp3,female
18913761.mp3,female
26095487.mp3,female
18912146.mp3,female
22132201.mp3,female
18911919.mp3,female
23395021.mp3,female
18912897.mp3,female
18911217.mp3,female
19493079.mp3,female
18921847.mp3,female
18918557.mp3,female
18892596.mp3,female
26082557.mp3,female
18911437.mp3,female
18912372.mp3,female
18920537.mp3,female
18931895.mp3,female
18932489.mp3,female
26169389.mp3,female
18892707.mp3,female
18921891.mp3,female
18922812.mp3,female
26087079.mp3,female
18912932.mp3,female
18932764.mp3,female
18914679.mp3,female
18921332.mp3,female
18913486.mp3,female
25998927.mp3,female
18930828.mp3,female
22686122.mp3,female
22703597.mp3,female
18914615.mp3,female
18921478.mp3,female
26084750.mp3,female
18919904.mp3,female
18920080.mp3,female
26096053.mp3,female
20436448.mp3,female
18892641.mp3,female
18920811.mp3,female
20387169.mp3,female
20702994.mp3,female
26082742.mp3,female
20458240.mp3,female
24060087.mp3,female
18932587.mp3,female
20256973.mp3,female
18932708.mp3,female
18910993.mp3,female
23009166.mp3,female
18913310.mp3,female
18914097.mp3,female
21572785.mp3,female
20458166.mp3,female
18914799.mp3,female
18920600.mp3,female
22704235.mp3,female
18932085.mp3,female
18914923.mp3,female
23395093.mp3,female
20387205.mp3,female
18920772.mp3,female
26095985.mp3,female
18912115.mp3,female
18912877.mp3,female
18910123.mp3,female
18932365.mp3,female
18931453.mp3,female
18910934.mp3,female
21293202.mp3,female
18920817.mp3,female
18912071.mp3,female
18918944.mp3,female
18932785.mp3,female
26095550.mp3,female
27067299.mp3,female
18932664.mp3,female
18932882.mp3,female
18923142.mp3,female
18912671.mp3,female
23395037.mp3,female
21905052.mp3,female
18930514.mp3,female
18892718.mp3,female
18929055.mp3,female
18931014.mp3,female
24076284.mp3,female
18921559.mp3,female
18931964.mp3,female
18892791.mp3,female
18914472.mp3,female
26170284.mp3,female
18910413.mp3,female
20458252.mp3,female
19535407.mp3,female
22685955.mp3,female
18911868.mp3,female
18932816.mp3,female
18913831.mp3,female
22704337.mp3,female
18930837.mp3,female
18921563.mp3,female
18922730.mp3,female
18930813.mp3,female
18932110.mp3,female
18914776.mp3,female
18932151.mp3,female
26086575.mp3,female
26085077.mp3,female
18914474.mp3,female
20253786.mp3,female
18929482.mp3,female
18921499.mp3,female
25133914.mp3,female
18914567.mp3,female
20389549.mp3,female
18927874.mp3,female
24455239.mp3,female
22686116.mp3,female
18913394.mp3,female
18932588.mp3,female
18910517.mp3,female
20389777.mp3,female
18920033.mp3,female
26095426.mp3,female
18911456.mp3,female
18913212.mp3,female
26096573.mp3,female
22704336.mp3,female
23440856.mp3,female
18920879.mp3,female
18929156.mp3,female
18892570.mp3,female
26095633.mp3,female
24076273.mp3,female
18912174.mp3,female
22685925.mp3,female
26095713.mp3,female
21162008.mp3,female
20458173.mp3,female
20256585.mp3,female
23982208.mp3,female
20449733.mp3,female
18912149.mp3,female
18931038.mp3,female
18930777.mp3,female
18892650.mp3,female
18930964.mp3,female
18931473.mp3,female
22704094.mp3,female
18921520.mp3,female
18921393.mp3,female
23009754.mp3,female
26086649.mp3,female
20324603.mp3,female
18892640.mp3,female
19493058.mp3,female
18892736.mp3,female
26095127.mp3,female
18928007.mp3,female
18911974.mp3,female
18931977.mp3,female
26095366.mp3,female
26198351.mp3,female
26096774.mp3,female
18931893.mp3,female
19493081.mp3,female
18911652.mp3,female
18921577.mp3,female
23009709.mp3,female
22703599.mp3,female
26095636.mp3,female
18919263.mp3,female
18892604.mp3,female
18927199.mp3,female
22033960.mp3,female
22249906.mp3,female
18912863.mp3,female
18931451.mp3,female
21927622.mp3,female
19493111.mp3,female
20256767.mp3,female
21917482.mp3,female
20389660.mp3,female
18912646.mp3,female
18892805.mp3,female
18920770.mp3,female
18922979.mp3,female
18911942.mp3,female
20387167.mp3,female
18892814.mp3,female
18913459.mp3,female
18914615.mp3,female
26086621.mp3,female
18912164.mp3,female
18928107.mp3,female
20454685.mp3,female
23395128.mp3,female
23009617.mp3,female
18920573.mp3,female
18932477.mp3,female
18919465.mp3,female
18912789.mp3,female
18892599.mp3,female
18929917.mp3,female
18892696.mp3,female
18892654.mp3,female
18932637.mp3,female
18910818.mp3,female
20472372.mp3,female
18920558.mp3,female
26169378.mp3,female
18929132.mp3,female
18921861.mp3,female
18931755.mp3,female
20454659.mp3,female
18892716.mp3,female
23009695.mp3,female
20450154.mp3,female
26170218.mp3,female
18912413.mp3,female
18912948.mp3,female
20454646.mp3,female
18911928.mp3,female
26082268.mp3,female
18932596.mp3,female
18932762.mp3,female
20256960.mp3,female
21917403.mp3,female
18932778.mp3,female
18920614.mp3,female
21773332.mp3,female
20458189.mp3,female
18923100.mp3,female
26087071.mp3,female
18920725.mp3,female
26169376.mp3,female
18911518.mp3,female
18920617.mp3,female
18920080.mp3,female
18931470.mp3,female
18931000.mp3,female
18910413.mp3,female
18910889.mp3,female
22131430.mp3,female
18914790.mp3,female
18913409.mp3,female
18914286.mp3,female
18921590.mp3,female
18912822.mp3,female
18914187.mp3,female
18927326.mp3,female
18892763.mp3,female
19535332.mp3,female
22686014.mp3,female
18922742.mp3,female
20494685.mp3,female
20256948.mp3,female
20458187.mp3,female
18919941.mp3,female
18932536.mp3,female
18921423.mp3,female
20458157.mp3,female
18923013.mp3,female
18913761.mp3,female
18920595.mp3,female
26095299.mp3,female
18932408.mp3,female
18932415.mp3,female
18923078.mp3,female
18930915.mp3,female
18914398.mp3,female
18921457.mp3,female
26084310.mp3,female
18923069.mp3,female
18892571.mp3,female
18921844.mp3,female
18928154.mp3,female
18910889.mp3,female
23009697.mp3,female
26170328.mp3,female
18928249.mp3,female
21293113.mp3,female
24455329.mp3,female
22704306.mp3,female
26095486.mp3,female
18921404.mp3,female
18920542.mp3,female
26095177.mp3,female
18921802.mp3,female
26170355.mp3,female
22371578.mp3,female
19507787.mp3,female
18913505.mp3,female
21161974.mp3,female
18912776.mp3,female
18921696.mp3,female
18919557.mp3,female
18912271.mp3,female
18910327.mp3,female
25133899.mp3,female
20450384.mp3,female
22711597.mp3,female
26095553.mp3,female
18932831.mp3,female
18931947.mp3,female
21572593.mp3,female
18914364.mp3,female
18913155.mp3,female
18921513.mp3,female
18912934.mp3,female
18932681.mp3,female
19493051.mp3,female
20386998.mp3,female
22249778.mp3,female
18913156.mp3,female
21572455.mp3,female
18914731.mp3,female
20256767.mp3,female
18914740.mp3,female
18911287.mp3,female
18910556.mp3,female
21867165.mp3,female
18910556.mp3,female
18932796.mp3,female
21515900.mp3,female
18892715.mp3,female
26095633.mp3,female
18914502.mp3,female
18892699.mp3,female
24455014.mp3,female
18921408.mp3,female
22686051.mp3,female
18913394.mp3,female
18932339.mp3,female
18931472.mp3,female
18932407.mp3,female
20436443.mp3,female
19535369.mp3,female
18931505.mp3,female
19493083.mp3,female
21866872.mp3,female
26095366.mp3,female
18910327.mp3,female
22686115.mp3,female
18914327.mp3,female
18919263.mp3,female
18911020.mp3,female
18922552.mp3,female
19535294.mp3,female
19823078.mp3,female
18923243.mp3,female
23395116.mp3,female
22371539.mp3,female
18913370.mp3,female
18914377.mp3,female
21727372.mp3,female
21322394.mp3,female
18931878.mp3,female
18922660.mp3,female
26096821.mp3,female
18922998.mp3,female
18913445.mp3,female
18892808.mp3,female
18918556.mp3,female
18929132.mp3,female
18930944.mp3,female
23008941.mp3,female
26087071.mp3,female
21773208.mp3,female
18932501.mp3,female
18919263.mp3,female
20256605.mp3,female
18910570.mp3,female
20458239.mp3,female
18918510.mp3,female
26086722.mp3,female
20458194.mp3,female
18932596.mp3,female
18927199.mp3,female
18918957.mp3,female
26086722.mp3,female
18913421.mp3,female
21748501.mp3,female
26170272.mp3,female
20256961.mp3,female
18914476.mp3,female
21293237.mp3,female
18932760.mp3,female
18892697.mp3,female
18914019.mp3,female
20389710.mp3,female
26096728.mp3,female
20387125.mp3,female
24455328.mp3,female
26082183.mp3,female
20256507.mp3,female
23009728.mp3,female
18910415.mp3,female
18921861.mp3,female
22325339.mp3,female
23009422.mp3,female
18921735.mp3,female
21182774.mp3,female
18930819.mp3,female
18913297.mp3,female
18910862.mp3,female
20389571.mp3,female
21293025.mp3,female
18919988.mp3,female
18921403.mp3,female
18912558.mp3,female
26035689.mp3,female
18919711.mp3,female
21728339.mp3,female
20458235.mp3,female
18920646.mp3,female
18932545.mp3,female
18913005.mp3,female
18922573.mp3,female
26096596.mp3,female
19493082.mp3,female
19535306.mp3,female
18913007.mp3,female
18931009.mp3,female
20256917.mp3,female
20494733.mp3,female
18932618.mp3,female
26084445.mp3,female
18921494.mp3,female
18912397.mp3,female
18932635.mp3,female
20472253.mp3,female
18914678.mp3,female
18927829.mp3,female
24455033.mp3,female
24455020.mp3,female
18932329.mp3,female
18914275.mp3,female
20256483.mp3,female
18929871.mp3,female
26083683.mp3,female
22325290.mp3,female
18932049.mp3,female
18913783.mp3,female
18922769.mp3,female
18913379.mp3,female
18912358.mp3,female
26095633.mp3,female
18913370.mp3,female
22371480.mp3,female
18926950.mp3,female
18914603.mp3,female
18928062.mp3,female
26170168.mp3,female
18911246.mp3,female
18914615.mp3,female
26083419.mp3,female
18931855.mp3,female
18910889.mp3,female
18920112.mp3,female
26096635.mp3,female
22686054.mp3,female
23009708.mp3,female
18920442.mp3,female
20454643.mp3,female
26096549.mp3,female
18921382.mp3,female
18892674.mp3,female
20458190.mp3,female
18921393.mp3,female
18932627.mp3,female
19535296.mp3,female
18892800.mp3,female
18911349.mp3,female
21293025.mp3,female
18921705.mp3,female
18910689.mp3,female
18911067.mp3,female
21866872.mp3,female
18932150.mp3,female
21293095.mp3,female
21727389.mp3,female
21748460.mp3,female
24455239.mp3,female
26085077.mp3,female
18914633.mp3,female
18910961.mp3,female
18929914.mp3,female
21866967.mp3,female
18926793.mp3,female
18911801.mp3,female
18922659.mp3,female
20256483.mp3,female
26095595.mp3,female
18921458.mp3,female
18915726.mp3,female
18923028.mp3,female
26082379.mp3,female
18912217.mp3,female
20389571.mp3,female
20389520.mp3,female
18930863.mp3,female
21329922.mp3,female
20449749.mp3,female
18912087.mp3,female
23440876.mp3,female
18932499.mp3,female
19535389.mp3,female
18913331.mp3,female
18913648.mp3,female
21727239.mp3,female
23395110.mp3,female
18914087.mp3,female
26086649.mp3,female
26035479.mp3,female
23395090.mp3,female
19535271.mp3,female
20449764.mp3,female
18911740.mp3,female
18918124.mp3,female
18927829.mp3,female
18913804.mp3,female
18918510.mp3,female
18914893.mp3,female
24454992.mp3,female
18892781.mp3,female
24455328.mp3,female
18927944.mp3,female
23009697.mp3,female
21748459.mp3,female
18931461.mp3,female
18919526.mp3,female
21293094.mp3,female
18921392.mp3,female
18912245.mp3,female
18932006.mp3,female
18913371.mp3,female
18928966.mp3,female
18892802.mp3,female
18932050.mp3,female
26085077.mp3,female
18911073.mp3,female
18923210.mp3,female
18920645.mp3,female
18914681.mp3,female
18931756.mp3,female
23009561.mp3,female
19535279.mp3,female
20454773.mp3,female
18910216.mp3,female
18932607.mp3,female
18920725.mp3,female
18892642.mp3,female
21773253.mp3,female
20494727.mp3,female
23009708.mp3,female
21748460.mp3,female
18921828.mp3,female
23009077.mp3,female
18932698.mp3,female
26170284.mp3,female
20472239.mp3,female
18917993.mp3,female
18914328.mp3,female
21470073.mp3,female
18912369.mp3,female
20449868.mp3,female
26096048.mp3,female
18920942.mp3,female
20472283.mp3,female
22325338.mp3,female
27067273.mp3,female
18921459.mp3,female
18921503.mp3,female
18913048.mp3,female
18930823.mp3,female
18892783.mp3,female
18911872.mp3,female
18892655.mp3,female
18892800.mp3,female
18912824.mp3,female
18921463.mp3,female
20449915.mp3,female
18928121.mp3,female
18932728.mp3,female
18931790.mp3,female
20454686.mp3,female
18932607.mp3,female
18923000.mp3,female
22686085.mp3,female
18892687.mp3,female
18921378.mp3,female
26096636.mp3,female
23009359.mp3,female
20256605.mp3,female
20256897.mp3,female
21572593.mp3,female
24076025.mp3,female
18918113.mp3,female
22268035.mp3,female
18921847.mp3,female
20458225.mp3,female
18919587.mp3,female
18892782.mp3,female
20458200.mp3,female
18930990.mp3,female
20472283.mp3,female
18912339.mp3,female
18913709.mp3,female
18926704.mp3,female
22704234.mp3,female
18914882.mp3,female
18917963.mp3,female
21866967.mp3,female
20256965.mp3,female
18920067.mp3,female
18922979.mp3,female
18923100.mp3,female
25998916.mp3,female
26170219.mp3,female
18914681.mp3,female
22704338.mp3,female
23976450.mp3,female
18932851.mp3,female
18913126.mp3,female
18920510.mp3,female
18892761.mp3,female
18910341.mp3,female
18920628.mp3,female
18928011.mp3,female
18910797.mp3,female
18913872.mp3,female
18892574.mp3,female
19535316.mp3,female
26096711.mp3,female
26095366.mp3,female
23009561.mp3,female
18932597.mp3,female
20450384.mp3,female
18920970.mp3,female
18914382.mp3,female
18912555.mp3,female
18928115.mp3,female
26084312.mp3,female
18921809.mp3,female
18912487.mp3,female
18923306.mp3,female
23009037.mp3,female
26083448.mp3,female
18921859.mp3,female
18932150.mp3,female
18932404.mp3,female
18912291.mp3,female
18932607.mp3,female
18892742.mp3,female
20436445.mp3,female
18910113.mp3,female
18912486.mp3,female
20256483.mp3,female
22351746.mp3,female
18932085.mp3,female
23009708.mp3,female
18932882.mp3,female
26095623.mp3,female
18932451.mp3,female
18930636.mp3,female
18919403.mp3,female
18913502.mp3,female
18892716.mp3,female
26095807.mp3,female
18892779.mp3,female
26095804.mp3,female
18930879.mp3,female
18911940.mp3,female
18892587.mp3,female
18930656.mp3,female
18932005.mp3,female
23440856.mp3,female
22704060.mp3,female
20458234.mp3,female
26084660.mp3,female
26086455.mp3,female
18910114.mp3,female
18911872.mp3,female
18910898.mp3,female
25998920.mp3,female
18921560.mp3,female
18914328.mp3,female
18910958.mp3,female
18913470.mp3,female
18911866.mp3,female
18892806.mp3,female
18919587.mp3,female
20256960.mp3,female
18912872.mp3,female
23009177.mp3,female
18926790.mp3,female
21773311.mp3,female
18931010.mp3,female
18913608.mp3,female
22364294.mp3,female
18911028.mp3,female
18912840.mp3,female
21337899.mp3,female
26096480.mp3,female
18911483.mp3,female
18923243.mp3,female
18910641.mp3,female
21182606.mp3,female
20389674.mp3,female
18932523.mp3,female
18930999.mp3,female
18928090.mp3,female
18932408.mp3,female
18914940.mp3,female
18911216.mp3,female
18930487.mp3,female
21572589.mp3,female
18892689.mp3,female
18914681.mp3,female
20458160.mp3,female
18921311.mp3,female
18919476.mp3,female
26095751.mp3,female
18930998.mp3,female
18913505.mp3,female
18930988.mp3,female
26170355.mp3,female
22371540.mp3,female
18911958.mp3,female
26086013.mp3,female
23009728.mp3,female
18913527.mp3,female
21905100.mp3,female
26170272.mp3,female
20449767.mp3,female
18926845.mp3,female
20256507.mp3,female
18930984.mp3,female
18913544.mp3,female
21905052.mp3,female
24455012.mp3,female
20389811.mp3,female
24455307.mp3,female
18912878.mp3,female
18921548.mp3,female
18913283.mp3,female
21748501.mp3,female
19493098.mp3,female
18892800.mp3,female
21293094.mp3,female
18920601.mp3,female
18913613.mp3,female
18930820.mp3,female
26086843.mp3,female
18920085.mp3,female
18920033.mp3,female
18921333.mp3,female
18920511.mp3,female
23976328.mp3,female
18932787.mp3,female
26096603.mp3,female
20450427.mp3,female
18913710.mp3,female
26086451.mp3,female
18919608.mp3,female
18912878.mp3,female
26169444.mp3,female
18911017.mp3,female
18910963.mp3,female
18932085.mp3,female
18892737.mp3,female
20387127.mp3,female
23982197.mp3,female
18931790.mp3,female
18932796.mp3,female
18892801.mp3,female
18920756.mp3,female
18921367.mp3,female
18921374.mp3,female
18931949.mp3,female
26096463.mp3,female
22686054.mp3,female
18910784.mp3,female
18922417.mp3,female
18921319.mp3,female
18921429.mp3,female
18930988.mp3,female
21470051.mp3,female
18912083.mp3,female
26198262.mp3,female
22685925.mp3,female
18931949.mp3,female
18914161.mp3,female
20256605.mp3,female
24454993.mp3,female
18932408.mp3,female
18914843.mp3,female
18914340.mp3,female
18931508.mp3,female
26083264.mp3,female
18913681.mp3,female
26085077.mp3,female
26087311.mp3,female
18922905.mp3,female
18920441.mp3,female
21329922.mp3,female
20256691.mp3,female
19535407.mp3,female
26086487.mp3,female
18931550.mp3,female
22325288.mp3,female
20324622.mp3,female
20256934.mp3,female
18911595.mp3,female
18930828.mp3,female
18921369.mp3,female
18928272.mp3,female
18912523.mp3,female
18911017.mp3,female
21727365.mp3,female
18926915.mp3,female
18913370.mp3,female
18928249.mp3,female
21572593.mp3,female
26095766.mp3,female
22686185.mp3,female
20389677.mp3,female
26085077.mp3,female
21737575.mp3,female
18911610.mp3,female
20386998.mp3,female
18911299.mp3,female
18910925.mp3,female
24455018.mp3,female
18914800.mp3,female
21786158.mp3,female
20436447.mp3,female
19535446.mp3,female
23009693.mp3,female
18923092.mp3,female
18910993.mp3,female
18910039.mp3,female
18912469.mp3,female
18920444.mp3,female
18921390.mp3,female
18909547.mp3,female
18921544.mp3,female
18912533.mp3,female
18892762.mp3,female
18921393.mp3,female
21469796.mp3,female
19507790.mp3,female
18892673.mp3,female
26096827.mp3,female
20458185.mp3,female
20398194.mp3,female
22230509.mp3,female
21572455.mp3,female
18892806.mp3,female
20256569.mp3,female
18932787.mp3,female
18920542.mp3,female
18892708.mp3,female
18911264.mp3,female
18930504.mp3,female
18912655.mp3,female
23976330.mp3,female
26035492.mp3,female
18932534.mp3,female
18931011.mp3,female
24076284.mp3,female
18921499.mp3,female
19507835.mp3,female
26085022.mp3,female
18914817.mp3,female
20256589.mp3,female
18914161.mp3,female
